,filename,number_performers,length_seconds,performance_context,performance_type,instruments,notes,touch_orientation,video_location,flux,number_performers,length_seconds,entropy,filename
2013-04-20 14:58:52.253862,2013-04-20T14-55-00-MetatoneOSCLog,3.0,847.455218,rehearsal,improvisation,iPad,"ensemble metatone listening space creative music making session - no yvonne (in the first recording, log didn’t work)",landscape,,0.2246759051463554,3,847.455218,4.337833468088312,2013-04-20T14-55-00-MetatoneOSCLog
2013-04-21 11:47:12.012029,2013-04-21T11-38-00-MetatoneOSCLog,3.0,844.094567,rehearsal,improvisation,iPad,ensemble metatone listening space creative music making session - no jonathan,landscape,,0.2304289131907784,3,844.094567,4.361455912239862,2013-04-21T11-38-00-MetatoneOSCLog
2013-04-27 17:46:19.247639,2013-04-27T17-29-00-MetatoneOSCLog,4.0,"1,042.950188",rehearsal,improvisation,iPad,ensemble metatone listening space creative music making session - quartet iPads only,landscape,,0.1894507094342895,4,1042.950188,4.215519828532136,2013-04-27T17-29-00-MetatoneOSCLog
2013-05-04 13:21:47.643029,2013-05-04T12-12-00-MetatoneOSCLog,4.0,956.451964,rehearsal,improvisation,percussion,ensemble metatone listening space creative music making session - set 1 with instruments,landscape,,0.2184891153575425,4,956.451964,4.311798948292901,2013-05-04T12-12-00-MetatoneOSCLog
2013-05-04 14:24:20.557930,2013-05-04T14-23-00-MetatoneOSCLog,4.0,890.308022,rehearsal,improvisation,percussion,ensemble metatone listening space creative music making session - set 2 with instruments,landscape,,0.15134255268155497,4,890.308022,4.017256890920442,2013-05-04T14-23-00-MetatoneOSCLog
2013-07-01 17:21:05.923165,2013-07-01T17-20-46-MetatoneOSCLog,1.0,488.145934,data_collection,improvisation,iPad,original CPM gesture collecting session,landscape,,0.14741254272664397,1,488.145934,3.791944456591393,2013-07-01T17-20-46-MetatoneOSCLog
2013-08-03 17:11:01.880154,2013-08-03T17-10-17-MetatoneOSCLog,4.0,659.895143,rehearsal,improvisation,iPad,research-concert rehearsal - metalonsdale (ipads only),landscape,,0.23117891951935884,4,659.895143,4.339683046800547,2013-08-03T17-10-17-MetatoneOSCLog
2013-08-03 17:25:33.070618,2013-08-03T17-25-19-MetatoneOSCLog,4.0,"1,212.786361",rehearsal,improvisation,percussion,research-concert rehearsal - metatravels (ipads and percussion),landscape,,0.2644990865016724,4,1212.786361,4.337331625737,2013-08-03T17-25-19-MetatoneOSCLog
2013-08-03 18:38:11.525770,2013-08-03T18-37-03-MetatoneOSCLog,4.0,644.371422,performance,improvisation,iPad,research-concert performance - metalonsdale (ipads only),landscape,,0.22597104382401895,4,644.371422,4.306063640779317,2013-08-03T18-37-03-MetatoneOSCLog
2013-08-03 18:52:58.895308,2013-08-03T18-49-35-MetatoneOSCLog,4.0,609.565058,performance,improvisation,percussion,research-concert performance - metatravels (ipads and percussion),landscape,,0.28738418158361984,4,609.565058,4.2787822125676325,2013-08-03T18-49-35-MetatoneOSCLog
2014-03-08 11:49:43.577878,2014-03-08T11-49-15-MetatoneOSCLog,3.0,"1,003.630193",rehearsal,composition,iPad,"Metatone - Singing Bowls, study in bowls rehearsal (jonathan, christina, charles)",portrait,,0.1624745046136843,3,1003.630193,3.9241566504512946,2014-03-08T11-49-15-MetatoneOSCLog
2014-03-08 12:15:26.338137,2014-03-08T12-14-57-MetatoneOSCLog,3.0,212.644995,rehearsal,composition,iPad,"Metatone - Singing Bowls, study in bowls rehearsal (jonathan, christina, charles)",portrait,,0.11320754716981132,3,212.644995,2.536658961180459,2014-03-08T12-14-57-MetatoneOSCLog
2014-03-08 12:21:42.962257,2014-03-08T12-21-29-MetatoneOSCLog,3.0,609.341956,rehearsal,composition,iPad,"Metatone - Singing Bowls - study in bowls (jonathan, christina, charles)",portrait,,0.25537414933675295,3,609.341956,3.970750420548592,2014-03-08T12-21-29-MetatoneOSCLog
2014-03-13 15:28:35.816670,2014-03-13T15-28-14-MetatoneOSCLog,2.0,"1,170.750065",rehearsal,improvisation,percussion,"Metatone Duo (JG+CPM) rehearsal - charles on vibes, jg on drums, both had metalhondale",landscape,,0.2450601063147582,2,1170.750065,4.334565406416754,2014-03-13T15-28-14-MetatoneOSCLog
2014-03-13 16:11:35.430258,2014-03-13T16-11-33-MetatoneOSCLog,2.0,"1,264.122033",rehearsal,improvisation,percussion,"Metatone Duo (JG+CPM) rehearsal - charles vibes, jg drums, both birdsnest",landscape,,0.23762200417909846,2,1264.122033,4.257716065378164,2014-03-13T16-11-33-MetatoneOSCLog
2014-03-15 12:34:09.717704,2014-03-15T12-33-18-MetatoneOSCLog,6.0,775.776586,rehearsal,composition,iPad,YAH Rehearsal - study in bowls,portrait,,0.18368114059421764,6,775.776586,4.045273574600162,2014-03-15T12-33-18-MetatoneOSCLog
2014-03-15 12:55:30.111237,2014-03-15T12-55-15-MetatoneOSCLog,7.0,983.66342,rehearsal,composition,iPad,YAH Rehearsal - study in bowls 2,portrait,,0.1771004013242244,7,983.66342,4.098473429539592,2014-03-15T12-55-15-MetatoneOSCLog
2014-03-15 13:19:37.033622,2014-03-15T13-19-15-MetatoneOSCLog,9.0,"1,106.702579",rehearsal,improvisation,iPad,YAH Rehearsal - snow music and birds nest improv (check this one),landscape,,0.27039923378562125,9,1106.702579,4.463988185009642,2014-03-15T13-19-15-MetatoneOSCLog
2014-03-17 17:40:46.074877,2014-03-17T17-40-14-MetatoneOSCLog,7.0,744.342041,rehearsal,composition,iPad,YAH Performance - study in bowls rehearsal,portrait,,0.13671274961597543,7,744.342041,3.5695074279090715,2014-03-17T17-40-14-MetatoneOSCLog
2014-03-17 18:10:25.991151,2014-03-17T18-09-46-MetatoneOSCLog,7.0,846.841094,performance,composition,iPad,YAH Performance - study in bowls performance,portrait,,0.25653769024372974,7,846.841094,4.224340927134063,2014-03-17T18-09-46-MetatoneOSCLog
2014-03-17 18:31:15.956048,2014-03-17T18-30-57-MetatoneOSCLog,4.0,"1,340.190793",performance,improvisation,percussion,YAH Performance - metatone set,landscape,,0.2002097820652026,4,1340.190793,4.183287810041028,2014-03-17T18-30-57-MetatoneOSCLog
2014-04-27 16:43:31.555778,2014-04-27T16-43-27-MetatoneOSCLog,2.0,384.921327,demonstration,improvisation,iPad,CHI 2014 interactivity sessions.,,,0.39805619585786467,2,384.921327,3.993971184456133,2014-04-27T16-43-27-MetatoneOSCLog
2014-04-28 15:51:50.681420,2014-04-28T15-51-49-MetatoneOSCLog,2.0,11.985146,demonstration,fail,iPad,CHI 2014 interactivity sessions.,,,0.375,2,11.985146,3.199082295352822,2014-04-28T15-51-49-MetatoneOSCLog
2014-04-28 15:53:48.822274,2014-04-28T15-53-48-MetatoneOSCLog,4.0,112.785334,demonstration,improvisation,iPad,CHI 2014 interactivity sessions.,,,0.05530973451327434,4,112.785334,1.1287418535269576,2014-04-28T15-53-48-MetatoneOSCLog
2014-04-28 15:55:51.729005,2014-04-28T15-55-49-MetatoneOSCLog,4.0,721.312826,demonstration,improvisation,iPad,CHI 2014 interactivity sessions.,,,0.29900266960037786,4,721.312826,4.415008619952469,2014-04-28T15-55-49-MetatoneOSCLog
2014-04-28 16:10:57.426382,2014-04-28T16-10-52-MetatoneOSCLog,3.0,44.296824,demonstration,fail,iPad,CHI 2014 interactivity sessions.,,,0.03787878787878788,3,44.296824,0.43285597100420425,2014-04-28T16-10-52-MetatoneOSCLog
2014-04-28 16:12:29.371492,2014-04-28T16-12-25-MetatoneOSCLog,4.0,394.918177,demonstration,improvisation,iPad,CHI 2014 interactivity sessions.,,,0.08291139240506329,4,394.918177,1.7860681333544661,2014-04-28T16-12-25-MetatoneOSCLog
2014-04-28 16:19:37.888816,2014-04-28T16-19-33-MetatoneOSCLog,4.0,294.148487,demonstration,improvisation,iPad,CHI 2014 interactivity sessions.,,,0.11271186440677966,4,294.148487,1.9727037410368116,2014-04-28T16-19-33-MetatoneOSCLog
2014-04-28 16:24:51.060393,2014-04-28T16-24-38-MetatoneOSCLog,4.0,495.494885,demonstration,improvisation,iPad,CHI 2014 interactivity sessions.,,,0.07474747474747474,4,495.494885,1.498469425549111,2014-04-28T16-24-38-MetatoneOSCLog
2014-04-28 16:33:13.538548,2014-04-28T16-33-11-MetatoneOSCLog,4.0,"3,404.259221",demonstration,improvisation,iPad,CHI 2014 interactivity sessions.,,,0.07604166666666666,4,239.939247,1.467038351244112,2014-04-28T16-33-13-MetatoneOSCLog-autosplit
2014-04-28 16:43:08.745580,,,,,,,,,,0.15357142857142858,2,280.024653,2.9066015562156693,2014-04-28T16-43-08-MetatoneOSCLog-autosplit
2014-04-28 17:01:45.337242,,,,,,,,,,0.38624545418833756,4,242.497405,4.414338129370858,2014-04-28T17-01-45-MetatoneOSCLog-autosplit
2014-04-28 17:17:36.485892,,,,,,,,,,0.05930232558139535,4,214.534442,1.168857471842342,2014-04-28T17-17-36-MetatoneOSCLog-autosplit
2014-04-28 17:26:22.653950,,,,,,,,,,0.34244753483530566,3,215.143819,4.186079605382174,2014-04-28T17-26-22-MetatoneOSCLog-autosplit
2014-04-28 17:32:15.063122,2014-04-28T17-30-16-MetatoneOSCLog,5.0,"1,219.633336",demonstration,improvisation,iPad,CHI 2014 interactivity sessions.,,,0.3253982949232687,5,1219.633336,4.63761701564404,2014-04-28T17-30-16-MetatoneOSCLog
2014-04-28 18:01:21.370280,2014-04-28T18-00-49-MetatoneOSCLog,4.0,"1,560.205627",demonstration,improvisation,iPad,CHI 2014 interactivity sessions.,,,0.28689146330853393,4,1560.205627,4.620972513753479,2014-04-28T18-00-49-MetatoneOSCLog
2014-04-28 18:27:25.527146,2014-04-28T18-27-25-MetatoneOSCLog,5.0,"1,062.926421",demonstration,improvisation,iPad,CHI 2014 interactivity sessions.,,,0.35468895984573945,5,1062.926421,4.711537140198272,2014-04-28T18-27-25-MetatoneOSCLog
2014-04-28 18:45:15.011494,2014-04-28T18-45-15-MetatoneOSCLog,4.0,407.872543,demonstration,improvisation,iPad,CHI 2014 interactivity sessions.,,,0.3095532757596431,4,407.872543,4.566681699579212,2014-04-28T18-45-15-MetatoneOSCLog
2014-04-28 18:52:07.020441,2014-04-28T18-52-07-MetatoneOSCLog,4.0,264.953374,demonstration,improvisation,iPad,CHI 2014 interactivity sessions.,,,0.33781842896318853,4,264.953374,4.6206716238099785,2014-04-28T18-52-07-MetatoneOSCLog
2014-04-28 18:56:35.998714,2014-04-28T18-56-35-MetatoneOSCLog,4.0,133.311205,demonstration,improvisation,iPad,CHI 2014 interactivity sessions.,,,0.37869237332885713,4,133.311205,4.369198640204949,2014-04-28T18-56-35-MetatoneOSCLog
2014-04-28 18:58:53.799657,2014-04-28T18-58-53-MetatoneOSCLog,4.0,364.461235,demonstration,improvisation,iPad,CHI 2014 interactivity sessions.,,,0.38872609266641994,4,364.461235,4.391994854611094,2014-04-28T18-58-53-MetatoneOSCLog
2014-04-28 19:05:59.101803,2014-04-28T19-05-15-MetatoneOSCLog,4.0,189.163548,demonstration,improvisation,iPad,CHI 2014 interactivity sessions.,,,0.30946956585399255,4,189.163548,4.334840692319475,2014-04-28T19-05-15-MetatoneOSCLog
2014-04-28 19:09:58.130290,2014-04-28T19-09-52-MetatoneOSCLog,2.0,289.369243,demonstration,improvisation,iPad,CHI 2014 interactivity sessions.,,,0.08131487889273356,2,289.369243,1.9742513062678646,2014-04-28T19-09-52-MetatoneOSCLog
2014-04-28 19:18:42.386768,2014-04-28T19-18-42-MetatoneOSCLog,4.0,"1,003.833114",demonstration,improvisation,iPad,CHI 2014 interactivity sessions.,,,0.32223962479176516,4,1003.833114,4.502105431811735,2014-04-28T19-18-42-MetatoneOSCLog
2014-04-28 19:35:29.963207,2014-04-28T19-35-29-MetatoneOSCLog,4.0,212.497279,demonstration,improvisation,iPad,CHI 2014 interactivity sessions.,,,0.09389671361502347,4,212.497279,2.069523964424495,2014-04-28T19-35-29-MetatoneOSCLog
2014-04-29 10:46:48.745465,2014-04-29T10-46-36-MetatoneOSCLog,3.0,"1,192.934166",demonstration,improvisation,iPad,CHI 2014 interactivity sessions.,,,0.41595066018302285,3,1192.934166,4.174321543590405,2014-04-29T10-46-36-MetatoneOSCLog
2014-04-29 15:19:05.612958,2014-04-29T15-18-15-MetatoneOSCLog,4.0,"1,920.573474",demonstration,improvisation,iPad,CHI 2014 interactivity sessions.,,,0.3726137005509165,4,1069.015559,4.559145898439237,2014-04-29T15-19-05-MetatoneOSCLog-autosplit
2014-04-29 15:40:16.134918,,,,,,,,,,0.3007084345818152,4,650.051514,4.337152646959308,2014-04-29T15-40-16-MetatoneOSCLog-autosplit
2014-04-29 15:51:11.507481,2014-04-29T15-51-11-MetatoneOSCLog,6.0,"2,103.762972",demonstration,improvisation,iPad,CHI 2014 interactivity sessions.,,,0.30592319757705394,4,980.2538,4.572398168125778,2014-04-29T15-51-11-MetatoneOSCLog-autosplit
2014-04-29 16:13:36.117433,,,,,,,,,,0.3304255239808405,6,759.15302,4.605411678391671,2014-04-29T16-13-36-MetatoneOSCLog-autosplit
2014-05-05 20:05:21.683728,2014-05-05T20-02-01-MetatoneOSCLog,3.0,534.619541,rehearsal,composition,iPad,Outpost 186 Boston - study in bowls rehearsal,portrait,,0.33855337985451694,3,534.619541,4.149394732957961,2014-05-05T20-02-01-MetatoneOSCLog
2014-05-05 20:26:47.513622,2014-05-05T20-26-38-MetatoneOSCLog,3.0,214.818499,rehearsal,improvisation,percussion,"Outpost 186 Boston - metalonsdale, birdsnest experimentation session",,,0.16899224806201552,3,214.818499,2.903037213934273,2014-05-05T20-26-38-MetatoneOSCLog
2014-05-05 20:42:54.146521,2014-05-05T20-39-43-MetatoneOSCLog,3.0,430.95197,performance,composition,iPad,Outpost 186 Boston study in bowls,portrait,,0.25831399845320957,3,430.95197,3.6298395369185124,2014-05-05T20-39-43-MetatoneOSCLog
2014-05-05 21:06:10.346007,2014-05-05T21-05-37-MetatoneOSCLog,3.0,353.012787,performance,improvisation,iPad,Outpost 186 Boston metalonsdale iPads alone,,,0.26936182628071514,3,353.012787,4.390575095769739,2014-05-05T21-05-37-MetatoneOSCLog
2014-05-05 21:13:50.836545,2014-05-05T21-12-48-MetatoneOSCLog,3.0,809.592437,performance,improvisation,percussion,Outpost 186 Boston BirdsNest with percussion,,,0.3103244309881506,3,809.592437,4.606308094400719,2014-05-05T21-12-48-MetatoneOSCLog
2014-05-05 21:34:11.403789,2014-05-05T21-34-04-MetatoneOSCLog,3.0,505.776848,demonstration,improvisation,iPad,Outpost 186 Boston show and tell,,,0.3279420275995909,3,505.776848,4.661517592583778,2014-05-05T21-34-04-MetatoneOSCLog
2014-07-11 17:55:54.025469,2014-07-11T17-55-17-MetatoneOSCLog,2.0,316.907735,performance,improvisation,iPad,ACMC duo,,,0.2950482539538257,2,316.907735,4.465686793547927,2014-07-11T17-55-17-MetatoneOSCLog
2014-07-19 13:42:20.190750,2014-07-19T13-42-16-MetatoneOSCLog,4.0,481.863443,demonstration,improvisation,iPad,2014 iPad Study Session.,,,0.3896230846411898,4,481.863443,4.25166891328259,2014-07-19T13-42-16-MetatoneOSCLog
2014-07-19 13:58:19.311375,2014-07-19T13-58-10-MetatoneOSCLog,3.0,304.681904,study,improvisation,iPad,2014 iPad Study Session.,,,0.3333722316992399,3,304.681904,4.687441625323441,2014-07-19T13-58-10-MetatoneOSCLog
2014-07-19 14:06:09.653339,2014-07-19T14-06-01-MetatoneOSCLog,3.0,299.570147,study,improvisation,iPad,2014 iPad Study Session.,,,0.31943345767326925,3,299.570147,4.4722626766917974,2014-07-19T14-06-01-MetatoneOSCLog
2014-07-19 14:13:35.436289,2014-07-19T14-13-30-MetatoneOSCLog,3.0,306.748271,study,improvisation,iPad,2014 iPad Study Session.,,,0.25754550462000025,3,306.748271,4.437797532862661,2014-07-19T14-13-30-MetatoneOSCLog
2014-07-19 14:40:09.285000,2014-07-19T14-39-52-MetatoneOSCLog,3.0,322.032841,study,improvisation,iPad,2014 iPad Study Session.,,,0.10041407867494824,3,322.032841,2.654206442679217,2014-07-19T14-39-52-MetatoneOSCLog
2014-07-19 14:47:38.703846,2014-07-19T14-47-24-MetatoneOSCLog,3.0,308.911332,study,improvisation,iPad,2014 iPad Study Session.,,,0.2833653052510728,3,308.911332,4.494696685807904,2014-07-19T14-47-24-MetatoneOSCLog
2014-07-19 14:54:37.752794,2014-07-19T14-54-08-MetatoneOSCLog,3.0,311.507208,study,improvisation,iPad,2014 iPad Study Session.,,,0.2562300705598525,3,311.507208,4.354740814360563,2014-07-19T14-54-08-MetatoneOSCLog
2014-07-19 15:05:10.533829,2014-07-19T15-04-54-MetatoneOSCLog,3.0,305.199942,study,improvisation,iPad,2014 iPad Study Session.,,,0.2813402860490472,3,305.199942,4.444418651661873,2014-07-19T15-04-54-MetatoneOSCLog
2014-07-19 15:12:10.783353,2014-07-19T15-11-54-MetatoneOSCLog,3.0,302.189425,study,improvisation,iPad,2014 iPad Study Session.,,,0.23426012263544807,3,302.189425,4.400589210112158,2014-07-19T15-11-54-MetatoneOSCLog
2014-07-19 15:18:48.473461,2014-07-19T15-18-35-MetatoneOSCLog,3.0,301.192359,study,improvisation,iPad,2014 iPad Study Session.,,,0.2950783976760208,3,301.192359,4.457108514348526,2014-07-19T15-18-35-MetatoneOSCLog
2014-07-19 15:50:19.420698,2014-07-19T15-50-04-MetatoneOSCLog,3.0,298.895639,study,improvisation,iPad,2014 iPad Study Session.,,,0.31184350848509124,3,298.895639,4.596475649479069,2014-07-19T15-50-04-MetatoneOSCLog
2014-07-19 15:57:29.513102,2014-07-19T15-57-19-MetatoneOSCLog,3.0,304.905901,study,improvisation,iPad,2014 iPad Study Session.,,,0.21512604121455572,3,304.905901,4.2465636060586185,2014-07-19T15-57-19-MetatoneOSCLog
2014-07-19 16:04:29.100564,2014-07-19T16-04-06-MetatoneOSCLog,3.0,307.461416,study,improvisation,iPad,2014 iPad Study Session.,,,0.1997708750399,3,307.461416,4.2116103527882505,2014-07-19T16-04-06-MetatoneOSCLog
2014-07-19 16:19:55.315323,2014-07-19T16-19-28-MetatoneOSCLog,3.0,303.163343,study,improvisation,iPad,2014 iPad Study Session.,,,0.11221122112211221,3,303.163343,2.930457566795334,2014-07-19T16-19-28-MetatoneOSCLog
2014-07-19 16:26:48.191563,2014-07-19T16-26-31-MetatoneOSCLog,3.0,311.122943,study,improvisation,iPad,2014 iPad Study Session.,,,0.2835124218556252,3,311.122943,4.552638224847943,2014-07-19T16-26-31-MetatoneOSCLog
2014-07-19 16:36:11.818301,2014-07-19T16-35-49-MetatoneOSCLog,3.0,303.404443,study,improvisation,iPad,2014 iPad Study Session.,,,0.26877455497484226,3,303.404443,4.445744863989655,2014-07-19T16-35-49-MetatoneOSCLog
2014-07-19 16:48:48.416779,2014-07-19T16-48-26-MetatoneOSCLog,3.0,303.378785,study,improvisation,iPad,2014 iPad Study Session.,,,0.3346229792166904,3,303.378785,4.606410696543447,2014-07-19T16-48-26-MetatoneOSCLog
2014-07-19 16:56:08.130468,2014-07-19T16-55-41-MetatoneOSCLog,3.0,301.878486,study,improvisation,iPad,2014 iPad Study Session.,,,0.2559503276434412,3,301.878486,4.332761345816183,2014-07-19T16-55-41-MetatoneOSCLog
2014-07-19 17:03:06.941374,2014-07-19T17-02-51-MetatoneOSCLog,3.0,305.324569,study,improvisation,iPad,2014 iPad Study Session.,,,0.24214660920577183,3,305.324569,4.272775062923203,2014-07-19T17-02-51-MetatoneOSCLog
2014-08-11 20:02:33.877976,2014-08-11T20-01-49-MetatoneOSCLog,3.0,533.129614,rehearsal,improvisation,iPad,"metatone rehearsal for colour music - singing bowls (charles, christina, jonathan)",portrait,,0.23131951830446043,3,533.129614,4.308882167322988,2014-08-11T20-01-49-MetatoneOSCLog
2014-08-11 20:30:48.929615,2014-08-11T20-30-18-MetatoneOSCLog,3.0,544.468246,rehearsal,improvisation,iPad,"metatone rehearsal for colour music - singing bowls (charles, christina, jonathan)",portrait,,0.27126413755150064,3,544.468246,4.458732819854168,2014-08-11T20-30-18-MetatoneOSCLog
2014-08-11 20:54:53.093791,2014-08-11T20-54-49-MetatoneOSCLog,3.0,328.199318,rehearsal,fail,iPad,"metatone rehearsal for colour music - singing bowls (charles, christina, jonathan)",portrait,,0.08739837398373984,3,328.199318,2.296597727766877,2014-08-11T20-54-49-MetatoneOSCLog
2014-08-14 18:41:12.603087,2014-08-14T18-40-57-MetatoneOSCLog,3.0,406.090691,performance,improvisation,iPad," colour music opening - singing bowls (charles, christina, jonathan)",portrait,,0.23415238489201032,3,406.090691,4.304612644396863,2014-08-14T18-40-57-MetatoneOSCLog
2014-08-14 18:50:23.809251,2014-08-14T18-50-00-MetatoneOSCLog,3.0,"2,002.011499",demonstration,improvisation,iPad,colour music opening - singing bowls demonstration (portrait),portrait,,0.3245934065027006,3,546.417655,4.35748690054351,2014-08-14T18-50-23-MetatoneOSCLog-autosplit
2014-08-14 19:02:40.780914,,,,,,,,,,0.0288659793814433,3,484.791444,0.842261947203728,2014-08-14T19-02-40-MetatoneOSCLog-autosplit
2014-08-14 19:14:47.714817,,,,,,,,,,0.3358336900236327,3,538.105933,4.4463078823871305,2014-08-14T19-14-47-MetatoneOSCLog-autosplit
2014-08-23 16:47:50.317145,2014-08-23T16-47-33-MetatoneOSCLog,3.0,555.752182,rehearsal,composition,iPad,metatone colour music rehearsal - amores with different apps,,,0.15347721822541965,3,555.752182,2.7307414062181827,2014-08-23T16-47-33-MetatoneOSCLog
2014-08-23 17:00:02.325541,2014-08-23T17-00-00-MetatoneOSCLog,1.0,28.527736,rehearsal,fail,iPad,metatone colour music rehearsal,,,0.07142857142857142,1,28.527736,1.1663428898406687,2014-08-23T17-00-00-MetatoneOSCLog
2014-08-23 17:03:25.327045,2014-08-23T17-03-00-MetatoneOSCLog,3.0,574.595359,rehearsal,composition,correspondences,metatone colour music rehearsal - correspondences with birds nest (first go),,,0.31249612365055524,3,574.595359,4.056070759030365,2014-08-23T17-03-00-MetatoneOSCLog
2014-08-23 17:18:58.322993,2014-08-23T17-18-00-MetatoneOSCLog,1.0,26.054093,rehearsal,fail,iPad,metatone colour music rehearsal,,,0.07692307692307693,1,26.054093,1.386614174262459,2014-08-23T17-18-00-MetatoneOSCLog
2014-08-23 17:27:25.313216,2014-08-23T17-27-00-MetatoneOSCLog,1.0,6.535975,rehearsal,fail,iPad,metatone colour music rehearsal,,,0.3333333333333333,1,6.535975,1.2516291673878228,2014-08-23T17-27-00-MetatoneOSCLog
2014-08-23 17:39:30.349798,2014-08-23T17-38-05-MetatoneOSCLog,3.0,430.176441,rehearsal,composition,percussion,metatone colour music rehearsal - using birds nest (Second Correspondences rehearsal),landscape,,0.33842720505710705,3,430.176441,4.450740789755814,2014-08-23T17-38-05-MetatoneOSCLog
2014-08-23 17:50:48.789577,2014-08-23T17-50-37-MetatoneOSCLog,3.0,398.562517,rehearsal,composition,iPad,metatone colour music rehearsal - using Phase Rings for Gesture Study #1,portrait,,0.2554333295300866,3,398.562517,4.11024281995625,2014-08-23T17-50-37-MetatoneOSCLog
2014-08-24 14:01:41.489372,2014-08-24T14-01-09-MetatoneOSCLog,4.0,514.364828,rehearsal,composition,percussion,colour music concert rehearsal - correspondences,landscape,,0.32342014375622663,4,514.364828,4.24452065859016,2014-08-24T14-01-09-MetatoneOSCLog
2014-08-24 14:36:48.750693,2014-08-24T14-36-35-MetatoneOSCLog,4.0,419.385884,rehearsal,composition,iPad,colour music concert rehearsal - gesture study,portrait,,0.2512397716441255,4,419.385884,4.356474523289339,2014-08-24T14-36-35-MetatoneOSCLog
2014-08-24 15:05:24.532787,2014-08-24T15-04-15-MetatoneOSCLog,4.0,427.985845,performance,composition,iPad,colour music concert gesture study,portrait,,0.18134667417441286,4,427.985845,3.9862101073599274,2014-08-24T15-04-15-MetatoneOSCLog
2014-08-24 15:15:22.633761,2014-08-24T15-13-11-MetatoneOSCLog,4.0,441.553372,performance,improvisation,iPad,colour music concert birds nest,landscape,,0.24099666395536637,4,441.553372,4.344910406759087,2014-08-24T15-13-11-MetatoneOSCLog
2014-08-24 15:23:48.189557,2014-08-24T15-23-02-MetatoneOSCLog,4.0,446.019655,performance,improvisation,iPad,colour music concert snow music,landscape,,0.25711135408450697,4,446.019655,4.385034530058058,2014-08-24T15-23-02-MetatoneOSCLog
2014-08-24 15:32:56.216753,2014-08-24T15-31-37-MetatoneOSCLog,4.0,500.851624,performance,improvisation,iPad,colour music concert singing bowls,portrait,,0.19880414984553743,4,500.851624,4.26412994752531,2014-08-24T15-31-37-MetatoneOSCLog
2014-08-24 15:45:01.750883,2014-08-24T15-44-55-MetatoneOSCLog,3.0,81.207986,performance,composition,iPad,colour music concert Cage Amores,landscape,,0.1440329218106996,3,81.207986,2.028801065091512,2014-08-24T15-44-55-MetatoneOSCLog
2014-08-24 15:47:43.664464,2014-08-24T15-47-42-MetatoneOSCLog,4.0,500.118212,performance,composition,percussion,colour music concert correspondences,landscape,,0.2801576005349156,4,500.118212,4.118512220940033,2014-08-24T15-47-42-MetatoneOSCLog
2014-08-24 15:56:07.952397,2014-08-24T15-56-07-MetatoneOSCLog,4.0,912.519977,demonstration,improvisation,iPad,colour music concert - audience demo session.,,,0.2895208713081525,4,612.008947,4.577905216231641,2014-08-24T15-56-07-MetatoneOSCLog-autosplit
2014-08-24 16:10:02.141891,,,,,,,,,,0.10897435897435898,2,78.330483,1.9820230234446092,2014-08-24T16-10-02-MetatoneOSCLog-autosplit
2014-12-12 12:06:19.528851,2014-12-12T12-05-53-GestureTargetLog-CPM,1.0,699.783175,data_collection,composition,iPad,gesture data collection with harness - charles,,,0.03650324827942499,1,699.783175,3.4372748073035155,2014-12-12T12-05-53-GestureTargetLog-CPM
2015-02-07 17:20:17.103662,2015-02-07T17-19-45-MetatoneOSCLog-JG,1.0,698.746008,data_collection,composition,iPad,gesture data collection with harness - jonathan,,,0.20001153373931194,1,698.746008,4.2095061056439125,2015-02-07T17-19-45-MetatoneOSCLog-JG
2015-03-20 13:40:47.684507,2015-03-20T13-40-47-MetatoneOSCLog-autosplit,6.0,422.836389,rehearsal,composition,iPad,ANU New Music Ensemble - gesture study (rehearsal),,,0.19967745077688312,6,422.836389,4.149433808721678,2015-03-20T13-40-47-MetatoneOSCLog-autosplit
2015-03-20 13:48:33.423973,2015-03-20T13-48-33-MetatoneOSCLog-autosplit,2.0,5.020157,rehearsal,fail,iPad,ANU New Music Ensemble Rehearsal,,,0.4,2,5.020157,1.7609640474436812,2015-03-20T13-48-33-MetatoneOSCLog-autosplit
2015-03-20 13:49:15.926543,2015-03-20T13-49-15-MetatoneOSCLog-autosplit,6.0,214.572417,rehearsal,composition,iPad,ANU New Music Ensemble Rehearsal - rehearsing sections of gesture study,,,0.3450075812920421,6,214.572417,4.219880230177317,2015-03-20T13-49-15-MetatoneOSCLog-autosplit
2015-03-20 13:53:24.325925,2015-03-20T13-53-24-MetatoneOSCLog-autosplit,5.0,388.750292,rehearsal,composition,iPad,ANU New Music Ensemble Rehearsal - rehearsing sections of gesture study,,,0.3021009182599708,5,388.750292,4.643154680800581,2015-03-20T13-53-24-MetatoneOSCLog-autosplit
2015-03-20 14:01:00.421682,2015-03-20T14-01-00-MetatoneOSCLog-autosplit,1.0,0.004293,rehearsal,fail,iPad,ANU New Music Ensemble Rehearsal,,,0.0,1,0.004293,-inf,2015-03-20T14-01-00-MetatoneOSCLog-autosplit
2015-03-20 14:02:20.406455,2015-03-20T14-02-20-MetatoneOSCLog-autosplit,1.0,0.002084,rehearsal,fail,iPad,ANU New Music Ensemble Rehearsal,,,0.0,1,0.002084,-inf,2015-03-20T14-02-20-MetatoneOSCLog-autosplit
2015-03-20 14:02:51.744646,2015-03-20T14-02-51-MetatoneOSCLog-autosplit,5.0,460.266348,rehearsal,composition,iPad,ANU New Music Ensemble - gesture study (rehearsal),,,0.1419391444556373,5,460.266348,3.9751672760290035,2015-03-20T14-02-51-MetatoneOSCLog-autosplit
2015-03-20 14:11:13.353861,2015-03-20T14-11-00-MetatoneOSCLog-6PlayerRehearsal,3.0,65.540359,rehearsal,fail,iPad,ANU New Music Ensemble Rehearsal,,,0.02564102564102564,3,65.540359,0.570754164296879,2015-03-20T14-11-00-MetatoneOSCLog-6PlayerRehearsal
2015-03-21 23:48:32.856694,2015-03-21T23-45-42-MetatoneOSCLog-6PlayerPerformance,6.0,546.728321,performance,composition,iPad,ANU New Music Ensemble Performance at You Are Here 2015,,,0.15904670947570368,6,546.728321,4.0501929560303225,2015-03-21T23-45-42-MetatoneOSCLog-6PlayerPerformance
2015-04-24 15:40:00.578788,2015-04-24T15-39-57-MetatoneOSCLog,4.0,425.064114,demonstration,improvisation,iPad,"study walkthrough with charles, christina, ben and malcolm.",,,0.3247327864572196,4,425.064114,4.604329138113262,2015-04-24T15-39-57-MetatoneOSCLog
2015-04-24 15:47:54.286346,2015-04-24T15-47-49-MetatoneOSCLog,4.0,101.551455,demonstration,improvisation,iPad,"study walkthrough with charles, christina, ben and malcolm.",,,0.09405940594059406,4,101.551455,2.3508846439123956,2015-04-24T15-47-49-MetatoneOSCLog
2015-04-24 15:49:57.925677,2015-04-24T15-49-54-MetatoneOSCLog,4.0,60.470308,demonstration,improvisation,iPad,"study walkthrough with charles, christina, ben and malcolm.",,,0.1762295081967213,4,60.470308,2.889665911012122,2015-04-24T15-49-54-MetatoneOSCLog
2015-04-24 15:51:17.229257,2015-04-24T15-51-15-MetatoneOSCLog,2.0,34.929703,demonstration,fail,iPad,"study walkthrough with charles, christina, ben and malcolm.",,,0.2714285714285714,2,34.929703,3.7265104750059828,2015-04-24T15-51-15-MetatoneOSCLog
2015-04-24 15:53:51.383958,2015-04-24T15-53-38-MetatoneOSCLog,4.0,275.441127,study,improvisation,iPad,"study walkthrough with charles, christina, ben and malcolm.",,,0.26333293033745775,4,275.441127,4.481554752967484,2015-04-24T15-53-38-MetatoneOSCLog
2015-04-24 16:04:14.922360,2015-04-24T16-03-58-MetatoneOSCLog,4.0,246.770818,study,improvisation,iPad,"study walkthrough with charles, christina, ben and malcolm.",,,0.2563964728781936,4,246.770818,4.426745731175021,2015-04-24T16-03-58-MetatoneOSCLog
2015-04-24 16:14:33.937713,2015-04-24T16-14-16-MetatoneOSCLog,4.0,231.813166,study,improvisation,iPad,"study walkthrough with charles, christina, ben and malcolm.",,,0.2617543742120703,4,231.813166,4.260819714279593,2015-04-24T16-14-16-MetatoneOSCLog
2015-04-24 16:23:02.908009,2015-04-24T16-22-51-MetatoneOSCLog,4.0,262.935206,study,improvisation,iPad,"study walkthrough with charles, christina, ben and malcolm.",,,0.26177028614492664,4,262.935206,4.204763692255016,2015-04-24T16-22-51-MetatoneOSCLog
2015-04-29 17:54:52.018312,2015-04-29T17-54-12-MetatoneOSCLog,4.0,666.397226,study,improvisation,iPad,2015 iPad Study Session in Listening Space,,,0.24207880856231678,4,666.397226,4.4716346587883296,2015-04-29T17-54-12-MetatoneOSCLog
2015-04-29 18:11:55.343287,2015-04-29T18-11-31-MetatoneOSCLog,4.0,551.710219,study,improvisation,iPad,2015 iPad Study Session in Listening Space,,,0.2667089098598385,4,551.710219,4.428567742749493,2015-04-29T18-11-31-MetatoneOSCLog
2015-04-29 18:25:14.797605,2015-04-29T18-24-10-MetatoneOSCLog,4.0,426.543398,study,improvisation,iPad,2015 iPad Study Session in Listening Space,,,0.24254379674002013,4,426.543398,4.337232924888492,2015-04-29T18-24-10-MetatoneOSCLog
2015-04-29 18:35:30.517296,2015-04-29T18-34-58-MetatoneOSCLog,4.0,547.921482,study,improvisation,iPad,2015 iPad Study Session in Listening Space,,,0.24930092759348776,4,547.921482,4.441129985443859,2015-04-29T18-34-58-MetatoneOSCLog
2015-05-01 17:53:23.576060,2015-05-01T17-52-41-MetatoneOSCLog,4.0,458.187169,study,improvisation,iPad,2015 iPad Study Session in Listening Space,,,0.24970337663152936,4,458.187169,4.474241746069921,2015-05-01T17-52-41-MetatoneOSCLog
2015-05-01 18:20:44.864740,2015-05-01T18-20-16-MetatoneOSCLog,4.0,496.128227,study,improvisation,iPad,2015 iPad Study Session in Listening Space,,,0.2606810481721236,4,496.128227,4.42427411308972,2015-05-01T18-20-16-MetatoneOSCLog
2015-05-01 18:34:23.255072,2015-05-01T18-34-00-MetatoneOSCLog,4.0,484.156423,study,improvisation,iPad,2015 iPad Study Session in Listening Space,,,0.2912821950677524,4,484.156423,4.663128585839945,2015-05-01T18-34-00-MetatoneOSCLog
2015-05-01 18:46:36.859530,2015-05-01T18-46-15-MetatoneOSCLog,4.0,553.449621,study,improvisation,iPad,2015 iPad Study Session in Listening Space,,,0.2502938510934707,4,553.449621,4.510715118786918,2015-05-01T18-46-15-MetatoneOSCLog
2015-05-07 18:11:26.362992,2015-05-07T18-10-57-MetatoneOSCLog,4.0,584.36969,study,improvisation,iPad,2015 iPad Study Session in Listening Space,,,0.19574826595737704,4,584.36969,4.217070143201748,2015-05-07T18-10-57-MetatoneOSCLog
2015-05-07 18:25:57.558081,2015-05-07T18-25-31-MetatoneOSCLog,4.0,495.234814,study,improvisation,iPad,2015 iPad Study Session in Listening Space,,,0.2381899680088741,4,495.234814,4.409673629120242,2015-05-07T18-25-31-MetatoneOSCLog
2015-05-07 18:37:59.149816,2015-05-07T18-37-30-MetatoneOSCLog,4.0,682.385519,study,improvisation,iPad,2015 iPad Study Session in Listening Space,,,0.21531479522993655,4,682.385519,4.236978295199439,2015-05-07T18-37-30-MetatoneOSCLog
2015-05-07 18:52:39.024239,2015-05-07T18-52-14-MetatoneOSCLog,4.0,502.68979,study,improvisation,iPad,2015 iPad Study Session in Listening Space,,,0.21877333190440545,4,502.68979,4.31438544511913,2015-05-07T18-52-14-MetatoneOSCLog
2015-05-08 15:28:20.560413,2015-05-08T15-27-39-MetatoneOSCLog,4.0,502.505539,study,improvisation,iPad,2015 iPad Study Session in Listening Space,,,0.29210364573058045,4,502.505539,4.606058124963565,2015-05-08T15-27-39-MetatoneOSCLog
2015-05-08 15:41:15.725976,2015-05-08T15-40-48-MetatoneOSCLog,4.0,552.839799,study,improvisation,iPad,2015 iPad Study Session in Listening Space,,,0.24313757794632895,4,552.839799,4.468828014059593,2015-05-08T15-40-48-MetatoneOSCLog
2015-05-08 15:53:57.501890,2015-05-08T15-53-31-MetatoneOSCLog,4.0,649.122387,study,improvisation,iPad,2015 iPad Study Session in Listening Space,,,0.22167661855595672,4,649.122387,4.372895658486387,2015-05-08T15-53-31-MetatoneOSCLog
2015-05-08 16:08:10.914470,2015-05-08T16-07-46-MetatoneOSCLog,4.0,532.231741,study,improvisation,iPad,2015 iPad Study Session in Listening Space,,,0.1989576572189586,4,532.231741,4.287726018378544,2015-05-08T16-07-46-MetatoneOSCLog
2015-06-03 11:49:44.247576,2015-06-03T11-44-21-MetatoneOSCLog,2.0,496.440508,demonstration,improvisation,iPad,NIME 2015 poster demo session,,,0.2762712991124541,2,496.440508,4.354016998408707,2015-06-03T11-44-21-MetatoneOSCLog
2015-06-03 11:58:07.670342,2015-06-03T11-58-07-MetatoneOSCLog,2.0,599.097226,demonstration,improvisation,iPad,NIME 2015 poster demo session,,,0.2889692848193606,2,599.097226,4.550304282525415,2015-06-03T11-58-07-MetatoneOSCLog
2015-06-03 12:24:33.903959,2015-06-03T12-23-20-MetatoneOSCLog,2.0,412.030799,demonstration,improvisation,iPad,NIME 2015 poster demo session,,,0.2664116013043831,2,412.030799,4.378279507588319,2015-06-03T12-23-20-MetatoneOSCLog
2015-06-03 12:32:50.235958,2015-06-03T12-32-45-MetatoneOSCLog,2.0,647.37253,demonstration,improvisation,iPad,NIME 2015 poster demo session,,,0.28856549187969205,2,647.37253,4.607091496141822,2015-06-03T12-32-45-MetatoneOSCLog
2015-06-03 12:45:18.075280,2015-06-03T12-43-43-MetatoneOSCLog,2.0,515.85644,demonstration,improvisation,iPad,NIME 2015 poster demo session,,,0.3194095360486123,2,515.85644,4.633584949831107,2015-06-03T12-43-43-MetatoneOSCLog
2015-06-03 12:56:45.571663,2015-06-03T12-56-05-MetatoneOSCLog,2.0,"1,106.649094",demonstration,improvisation,iPad,NIME 2015 poster demo session,,,0.35714403381035115,2,156.850728,4.540262310716335,2015-06-03T12-56-45-MetatoneOSCLog-autosplit
2015-06-03 13:11:06.685858,,,,,,,,,,0.06300813008130081,2,245.534899,1.0839768566427905,2015-06-03T13-11-06-MetatoneOSCLog-autosplit
2015-06-03 13:15:18.136367,2015-06-03T13-15-15-MetatoneOSCLog,2.0,659.791275,demonstration,improvisation,iPad,NIME 2015 poster demo session,,,0.022388059701492536,2,201.470822,0.7682770276721679,2015-06-03T13-15-18-MetatoneOSCLog-autosplit
2015-06-03 13:21:44.021393,,,,,,,,,,0.3785315110318323,2,273.906249,4.605129213403765,2015-06-03T13-21-44-MetatoneOSCLog-autosplit
2015-06-03 13:28:26.262378,2015-06-03T13-27-38-MetatoneOSCLog,2.0,451.166216,demonstration,improvisation,iPad,NIME 2015 poster demo session,,,0.1385809312638581,2,451.166216,2.8091746405146063,2015-06-03T13-27-38-MetatoneOSCLog
2015-06-03 13:43:26.981226,2015-06-03T13-42-22-MetatoneOSCLog,2.0,220.773361,demonstration,improvisation,iPad,NIME 2015 poster demo session,,,0.11085972850678733,2,220.773361,2.102958496212669,2015-06-03T13-42-22-MetatoneOSCLog
2015-06-03 13:55:51.408092,2015-06-03T13-53-06-MetatoneOSCLog,2.0,158.625629,demonstration,improvisation,iPad,NIME 2015 poster demo session,,,0.07861635220125786,2,158.625629,1.7034502484044531,2015-06-03T13-53-06-MetatoneOSCLog
2015-06-03 14:03:48.767869,2015-06-03T14-03-40-MetatoneOSCLog,2.0,601.068649,demonstration,improvisation,iPad,NIME 2015 poster demo session,,,0.28720517017073394,2,601.068649,4.590837296481099,2015-06-03T14-03-40-MetatoneOSCLog
2015-06-03 14:16:41.628736,2015-06-03T14-14-37-MetatoneOSCLog,2.0,513.10544,demonstration,improvisation,iPad,NIME 2015 poster demo session,,,0.3426445148850219,2,513.10544,4.270215640555256,2015-06-03T14-14-37-MetatoneOSCLog
2015-06-03 14:25:30.962074,2015-06-03T14-25-25-MetatoneOSCLog,2.0,533.435607,demonstration,improvisation,iPad,NIME 2015 poster demo session,,,0.34117115894856614,2,533.435607,4.567036577468341,2015-06-03T14-25-25-MetatoneOSCLog
2015-06-22 14:41:54.881804,2015-06-22T14-41-40-MetatoneOSCLog,2.0,87.11751,rehearsal,improvisation,iPad,CGS classroom session,,,0.3693319838056679,2,87.11751,4.2483659336297075,2015-06-22T14-41-40-MetatoneOSCLog
2015-06-22 14:46:21.531978,2015-06-22T14-46-15-MetatoneOSCLog,2.0,79.264008,rehearsal,improvisation,iPad,CGS classroom session,,,0.27848101265822783,2,79.264008,3.2181258061008653,2015-06-22T14-46-15-MetatoneOSCLog
2015-06-22 14:50:19.611843,2015-06-22T14-50-15-MetatoneOSCLog,2.0,124.446847,rehearsal,improvisation,iPad,CGS classroom session,,,0.28,2,124.446847,4.07085019340937,2015-06-22T14-50-15-MetatoneOSCLog
2015-06-22 14:55:26.811268,2015-06-22T14-55-12-MetatoneOSCLog,2.0,17.54072,rehearsal,fail,iPad,CGS classroom session,,,0.1111111111111111,2,17.54072,1.550691288015528,2015-06-22T14-55-12-MetatoneOSCLog
2015-06-22 14:56:03.293495,2015-06-22T14-56-00-MetatoneOSCLog,2.0,162.62534,rehearsal,improvisation,iPad,CGS classroom session,,,0.38680613255320995,2,162.62534,4.662212311924976,2015-06-22T14-56-00-MetatoneOSCLog
2015-06-22 14:59:37.180664,2015-06-22T14-59-30-MetatoneOSCLog,2.0,12.077161,rehearsal,fail,iPad,CGS classroom session,,,0.20833333333333334,2,12.077161,1.7969371097526867,2015-06-22T14-59-30-MetatoneOSCLog
2015-06-22 15:00:15.521448,2015-06-22T15-00-08-MetatoneOSCLog,2.0,227.716581,rehearsal,improvisation,iPad,CGS classroom session,,,0.3733589266484004,2,227.716581,4.773301302618815,2015-06-22T15-00-08-MetatoneOSCLog
2015-06-22 15:05:29.536208,2015-06-22T15-05-24-MetatoneOSCLog,2.0,243.958448,rehearsal,improvisation,iPad,CGS classroom session,,,0.33958396930712603,2,243.958448,4.707521516460918,2015-06-22T15-05-24-MetatoneOSCLog
2015-06-22 15:13:55.003444,2015-06-22T15-13-49-MetatoneOSCLog,4.0,280.05166,rehearsal,improvisation,iPad,CGS classroom session,,,0.27307952795659535,4,280.05166,4.485512118602952,2015-06-22T15-13-49-MetatoneOSCLog
2015-06-22 15:20:57.202154,2015-06-22T15-20-54-MetatoneOSCLog,4.0,296.096946,rehearsal,improvisation,iPad,CGS classroom session,,,0.3489824870060593,4,296.096946,4.777761833084344,2015-06-22T15-20-54-MetatoneOSCLog
2015-06-23 14:46:59.704682,2015-06-23T14-46-55-MetatoneOSCLog,5.0,523.887504,rehearsal,improvisation,iPad,CGS classroom session,,,0.27408388460284,5,523.887504,4.619645035191931,2015-06-23T14-46-55-MetatoneOSCLog
2015-06-23 15:00:11.449963,2015-06-23T15-00-08-MetatoneOSCLog,5.0,444.632466,rehearsal,improvisation,iPad,CGS classroom session,,,0.30108000321130796,5,444.632466,4.676564320418722,2015-06-23T15-00-08-MetatoneOSCLog
2015-06-23 15:10:44.193902,2015-06-23T15-10-41-MetatoneOSCLog,5.0,451.971668,rehearsal,improvisation,iPad,CGS classroom session,,,0.3167783581392618,5,451.971668,4.6277111271879185,2015-06-23T15-10-41-MetatoneOSCLog
